Customer ID,Gender,Region,Age,Product Name,Category,Unit Price,Quantity,Total Price,Shipping Fee,Shipping Status,Order Date
CUST0268,Male,North,47,Monitor,Electronics,300,5,1500,13.31,Returned,12/8/2023
CUST0046,Male,West,22,Headphones,Accessories,100,2,200,6.93,In Transit,4/9/2023
CUST0169,Female,South,54,Monitor,Electronics,300,1,300,11.31,Returned,8/28/2023
CUST0002,Male,North,23,Headphones,Accessories,100,5,500,12.22,Delivered,1/18/2023
CUST0173,Female,South,47,Laptop,Electronics,1500,3,4500,5.4,Delivered,1/19/2023
CUST0147,Male,North,64,Smartwatch,Wearables,200,2,400,11.26,In Transit,1/11/2023
CUST0262,Male,East,27,Smartwatch,Wearables,200,1,200,18.38,In Transit,10/23/2023
CUST0159,Female,South,18,Keyboard,Accessories,50,2,100,15.08,Returned,6/15/2023
CUST0023,Male,West,29,Headphones,Accessories,100,3,300,10.7,Delivered,4/23/2023
CUST0201,Female,East,49,Headphones,Accessories,100,2,200,9.8,Returned,6/1/2023
CUST0283,Female,West,67,Mouse,Accessories,30,3,90,5.65,In Transit,9/13/2023
CUST0199,Female,West,41,Keyboard,Accessories,50,5,250,7.13,Delivered,2/17/2023
CUST0039,Male,South,60,Keyboard,Accessories,50,4,200,10.91,Returned,12/10/2023
CUST0276,Male,West,66,Mouse,Accessories,30,1,30,11.36,In Transit,6/29/2023
CUST0143,Female,unknown,36,Smartwatch,Wearables,200,3,600,7.89,Delivered,7/14/2023
CUST0139,Male,North,57,Laptop,Electronics,1500,4,6000,10.92,In Transit,5/13/2023
CUST0210,Male,South,30,Smartphone,Electronics,800,2,1600,11.44,Returned,6/9/2023
CUST0293,Female,East,32,Smartwatch,Wearables,200,5,1000,7.16,In Transit,6/21/2023
CUST0049,Female,West,59,Monitor,Electronics,300,4,1200,17.37,In Transit,11/26/2023
CUST0196,Female,South,37,Mouse,Accessories,30,3,90,19.41,Returned,12/27/2023
CUST0050,Male,North,47,Mouse,Accessories,30,3,90,6.97,Returned,6/6/2023
CUST0007,Female,East,52,Headphones,Accessories,100,2,200,12,In Transit,10/28/2023
CUST0242,Male,North,58,Smartphone,Electronics,800,4,3200,18.11,In Transit,12/30/2023
CUST0042,Female,South,57,Keyboard,Accessories,50,1,50,9.6,Delivered,12/4/2023
CUST0264,Male,East,59,Smartphone,Electronics,1658.4323266595475,2,1600,11.59,In Transit,2/1/2023
CUST0053,Female,North,25,Smartwatch,Wearables,200,1,200,14.9,Delivered,8/14/2023
CUST0154,Female,East,31,Smartphone,Electronics,800,1,800,19.22,In Transit,12/7/2023
CUST0190,Male,North,28,Keyboard,Accessories,50,4,200,15.31,Delivered,6/28/2023
CUST0038,Female,East,57,Monitor,Electronics,300,2,600,12.38,Returned,11/17/2023
CUST0288,Female,South,47,Laptop,Electronics,1500,4,6000,12.91,Delivered,1/25/2023
CUST0124,Female,South,53,Monitor,Electronics,300,2,600,18.38,In Transit,9/5/2023
CUST0298,Female,South,58,Headphones,Accessories,100,5,500,7.41,Delivered,9/17/2023
CUST0211,Female,South,35,Mouse,Accessories,30,3,90,11.42,Delivered,12/25/2023
CUST0060,Male,North,41,Laptop,Electronics,1500,4,6000,7.13,Delivered,1/14/2023
CUST0284,Female,West,64,Monitor,Electronics,300,1,300,6.55,Returned,8/1/2023
CUST0282,Male,North,47,Smartphone,Electronics,800,2,1600,9.72,Delivered,2/12/2023
CUST0205,Female,South,43,Monitor,Electronics,300,2,600,18.27,In Transit,5/18/2023
CUST0222,Female,unknown,61,Smartphone,Electronics,800,2,1600,6.01,Returned,10/3/2023
CUST0299,Male,East,58,Keyboard,Accessories,50,2,100,9.57,Returned,8/30/2023
CUST0064,Male,West,61,Monitor,Electronics,300,1,300,13.82,Returned,9/15/2023
CUST0073,Male,East,19,Keyboard,Accessories,50,4,200,5.32,Delivered,2/14/2023
CUST0081,Male,North,38,Monitor,Electronics,300,1,300,17.22,Returned,8/13/2023
CUST0247,Male,East,44,Headphones,Accessories,100,2,200,8.15,In Transit,5/9/2023
CUST0130,Male,East,68,Monitor,Electronics,300,2,600,9.56,In Transit,12/23/2023
CUST0178,Male,West,44,Smartwatch,Wearables,200,3,600,18.09,In Transit,10/28/2023
CUST0131,Female,West,67,Laptop,Electronics,1500,4,6000,7.01,Delivered,9/1/2023
CUST0070,Male,West,23,Monitor,Electronics,300,3,900,12.58,Returned,4/16/2023
CUST0122,Male,West,68,Headphones,Accessories,100,2,200,13.49,In Transit,12/13/2023
CUST0168,Female,East,42,Monitor,Electronics,300,4,1200,18.15,In Transit,3/27/2023
CUST0176,Male,South,51,Laptop,Electronics,1500,2,3000,7.43,Delivered,11/16/2023
CUST0125,Female,South,46,Smartphone,Electronics,800,5,4000,10.62,Returned,1/26/2023
CUST0165,Female,West,49,Keyboard,Accessories,50,4,200,19.72,In Transit,12/25/2023
CUST0057,Male,North,62,Keyboard,Accessories,50,4,200,12.79,Delivered,9/29/2023
CUST0207,Male,South,54,Laptop,Electronics,1500,1,1500,5.16,Delivered,3/14/2023
CUST0167,Female,North,67,Headphones,Accessories,100,2,200,11.65,Returned,12/14/2023
CUST0006,Male,South,52,Laptop,Electronics,1500,5,7500,19.69,In Transit,9/17/2023
CUST0041,Male,East,64,Smartphone,Electronics,800,4,3200,17.27,In Transit,8/8/2023
CUST0112,Male,North,33,Monitor,Electronics,300,4,1200,14.88,Delivered,4/12/2023
CUST0244,Female,West,24,Headphones,Accessories,100,3,300,8.49,In Transit,2/21/2023
CUST0218,Male,East,36,Headphones,Accessories,100,2,200,7.71,Returned,11/3/2023
CUST0083,Male,East,28,Monitor,Electronics,300,1,300,17.98,Returned,1/3/2024
CUST0065,Female,East,47,Headphones,Accessories,100,2,200,13.06,Returned,2/5/2023
CUST0096,Female,unknown,61,Smartphone,Electronics,800,4,3200,11.79,In Transit,2/7/2023
CUST0045,Male,East,21,Mouse,Accessories,30,1,30,6.17,In Transit,10/23/2023
CUST0296,Female,North,50,Keyboard,Accessories,50,2,100,13.82,In Transit,7/25/2023
CUST0261,Male,West,48,Laptop,Electronics,1500,5,7500,15.95,Returned,10/1/2023
CUST0077,Male,South,50,Keyboard,Accessories,50,5,250,10.89,Delivered,3/19/2023
CUST0227,Female,West,54,Keyboard,Accessories,50,4,200,9.22,Returned,10/5/2023
CUST0245,Male,North,63,Mouse,Accessories,30,1,30,13.28,Returned,9/11/2023
CUST0133,Female,North,47,Smartphone,Electronics,800,1,800,11.29,Returned,10/28/2023
CUST0179,Male,North,45,Keyboard,Accessories,50,2,100,19.04,Delivered,3/16/2023
CUST0022,Female,North,33,Smartwatch,Wearables,200,2,400,10.07,Delivered,11/21/2023
CUST0269,Female,East,64,Laptop,Electronics,1500,5,7500,6.53,Returned,12/3/2023
CUST0181,Male,East,59,Smartwatch,Wearables,200,3,600,9.82,In Transit,2/8/2023
CUST0170,Female,South,40,Mouse,Accessories,30,5,150,8.64,Delivered,12/22/2023
CUST0182,Male,West,47,Monitor,Electronics,300,5,1500,7.77,In Transit,10/24/2023
CUST0219,Male,unknown,48,Mouse,Accessories,62.191212249733034,2,60,7.4,Returned,8/20/2023
CUST0037,Male,West,51,Keyboard,Accessories,103.65202041622172,4,200,11.41,Returned,5/20/2023
CUST0091,Female,South,30,Mouse,Accessories,30,1,30,18.29,In Transit,4/19/2023
CUST0286,Female,North,63,Laptop,Electronics,1500,1,1500,13.15,Delivered,3/8/2023
CUST0019,Female,East,69,Keyboard,Accessories,50,1,50,14.53,Returned,4/23/2023
CUST0236,Male,East,18,Keyboard,Accessories,50,2,100,11.25,Returned,3/24/2023
CUST0251,Male,North,42,Mouse,Accessories,30,2,60,18.98,In Transit,2/2/2023
CUST0099,Female,South,26,Laptop,Electronics,1500,4,6000,15.74,Returned,8/12/2023
CUST0228,Male,North,25,Smartphone,Electronics,800,4,3200,18.2,In Transit,1/24/2023
CUST0024,Female,East,57,Smartwatch,Wearables,200,2,400,17.94,In Transit,12/8/2023
CUST0113,Male,South,38,Smartphone,Electronics,800,2,1600,16.51,In Transit,9/14/2023
CUST0192,Female,North,58,Smartwatch,Wearables,200,4,800,9.97,Delivered,11/12/2023
CUST0153,Female,East,40,Monitor,Electronics,300,1,300,6.85,Returned,6/21/2023
CUST0150,Female,North,63,Laptop,Electronics,1500,3,4500,18.66,Returned,5/6/2023
CUST0203,Male,South,33,Mouse,Accessories,30,1,30,7.78,In Transit,1/3/2023
CUST0163,Female,North,22,Headphones,Accessories,100,3,300,6.16,Returned,10/12/2023
CUST0223,Female,unknown,20,Mouse,Accessories,62.191212249733034,2,60,15.12,In Transit,5/26/2023
CUST0266,Male,North,47,Mouse,Accessories,30,5,150,16.86,Returned,11/8/2023
CUST0289,Male,West,37,Laptop,Electronics,1500,5,7500,6.68,Delivered,7/6/2023
CUST0008,Female,North,47,Headphones,Accessories,100,5,500,16.04,Delivered,2/2/2023
CUST0015,Male,West,58,Headphones,Accessories,100,3,300,6.08,Returned,3/22/2023
CUST0189,Female,South,38,Mouse,Accessories,30,1,30,10.92,Delivered,2/22/2023
CUST0137,Male,North,19,Smartphone,Electronics,800,3,2400,16.82,In Transit,5/20/2023
CUST0033,Female,South,47,Monitor,Electronics,300,2,600,15.3,Delivered,4/12/2023
CUST0297,Male,North,61,Monitor,Electronics,300,2,600,13.84,In Transit,10/10/2023
CUST0267,Male,North,29,Laptop,Electronics,1500,3,4500,14.23,Returned,6/1/2023
CUST0028,Male,unknown,50,Smartwatch,Wearables,200,5,1000,6.09,In Transit,8/22/2023
CUST0078,Female,North,38,Laptop,Electronics,1500,3,4500,19.98,In Transit,5/10/2023
CUST0003,Male,North,63,Smartphone,Electronics,800,5,4000,11.1,In Transit,11/6/2023
CUST0212,Female,North,47,Laptop,Electronics,1500,5,7500,10.18,In Transit,11/18/2023
CUST0146,Male,North,47,Smartphone,Electronics,800,1,800,10.16,In Transit,1/13/2023
CUST0082,Female,unknown,47,Smartwatch,Wearables,200,1,200,6.03,Returned,4/21/2023
CUST0036,Female,North,33,Keyboard,Accessories,50,1,50,6.06,Delivered,8/2/2023
CUST0155,Female,North,41,Laptop,Electronics,1500,2,3000,9.21,Returned,2/2/2023
CUST0138,Male,North,46,Keyboard,Accessories,50,3,150,5.09,Returned,3/16/2023
CUST0197,Female,West,54,Mouse,Accessories,30,2,60,8.59,Delivered,6/4/2023
CUST0066,Male,West,37,Laptop,Electronics,1500,2,3000,5.69,Returned,1/18/2023
CUST0026,Female,East,27,Monitor,Electronics,300,1,300,16.61,In Transit,11/23/2023
CUST0281,Male,West,44,Keyboard,Accessories,50,4,200,19.81,In Transit,8/27/2023
CUST0239,Male,North,35,Smartwatch,Wearables,200,1,200,7.32,Delivered,11/18/2023
CUST0069,Male,East,47,Headphones,Accessories,100,3,300,10.81,Returned,12/7/2023
CUST0258,Female,South,39,Monitor,Electronics,300,4,1200,9.55,In Transit,5/16/2023
CUST0177,Male,South,29,Smartwatch,Wearables,200,3,600,13.87,In Transit,3/18/2023
CUST0140,Male,East,47,Headphones,Accessories,100,2,200,10.96,Delivered,3/8/2023
CUST0089,Female,North,27,Mouse,Accessories,30,3,90,6.45,In Transit,9/19/2023
CUST0044,Male,East,30,Mouse,Accessories,30,5,150,16.62,Returned,10/28/2023
CUST0174,Female,East,68,Laptop,Electronics,1500,1,1500,16.34,Delivered,5/7/2023
CUST0141,Female,East,58,Mouse,Accessories,30,1,30,12.22,In Transit,10/3/2023
CUST0202,Male,South,56,Mouse,Accessories,30,3,90,5.07,Delivered,1/5/2023
CUST0259,Male,West,59,Laptop,Electronics,1500,2,3000,7.5,Delivered,8/22/2023
CUST0027,Female,unknown,36,Keyboard,Accessories,50,5,250,11.09,Returned,6/6/2023
CUST0093,Male,North,66,Monitor,Electronics,300,1,300,16.58,Delivered,2/27/2023
CUST0216,Male,South,53,Smartphone,Electronics,800,2,1600,16.23,In Transit,7/19/2023
CUST0062,Male,West,43,Headphones,Accessories,100,4,400,11.4,Returned,4/24/2023
CUST0056,Female,South,23,Smartwatch,Wearables,200,2,400,5.73,Returned,1/3/2024
CUST0114,Female,West,60,Monitor,Electronics,300,3,900,18.61,In Transit,7/21/2023
CUST0184,Female,West,54,Mouse,Accessories,30,3,90,14.78,Returned,6/15/2023
CUST0075,Female,South,56,Monitor,Electronics,300,2,600,13.6,Delivered,8/16/2023
CUST0142,Male,East,32,Monitor,Electronics,300,1,300,15.5,Delivered,4/14/2023
CUST0076,Male,East,26,Headphones,Accessories,100,5,500,16.96,Delivered,10/24/2023
CUST0105,Male,East,27,Smartwatch,Wearables,200,5,1000,12,In Transit,7/14/2023
CUST0004,Female,West,65,Keyboard,Accessories,50,3,150,19.62,In Transit,12/6/2023
CUST0127,Male,North,62,Smartwatch,Wearables,200,2,400,11.66,Delivered,8/31/2023
CUST0072,Male,South,21,Headphones,Accessories,100,1,100,11.24,Delivered,9/2/2023
CUST0156,Female,South,57,Smartphone,Electronics,800,4,3200,16.09,In Transit,12/29/2023
CUST0052,Male,North,66,Mouse,Accessories,30,4,120,8.24,Returned,6/9/2023
CUST0226,Female,West,47,Smartphone,Electronics,800,4,3200,17.91,In Transit,6/14/2023
CUST0270,Female,West,64,Laptop,Electronics,1500,1,1500,18.88,Returned,7/14/2023
CUST0183,Female,West,42,Smartphone,Electronics,800,3,2400,7.22,Delivered,10/21/2023
CUST0080,Female,East,51,Headphones,Accessories,100,1,100,19.84,Delivered,5/27/2023
CUST0208,Female,West,57,Laptop,Electronics,1500,1,1500,16.28,Returned,2/1/2023
CUST0186,Female,West,55,Mouse,Accessories,30,5,150,17.36,In Transit,5/7/2023
CUST0109,Female,unknown,57,Mouse,Accessories,30,1,30,9.59,In Transit,3/12/2023
CUST0095,Female,East,47,Laptop,Electronics,1500,5,7500,7.38,Returned,6/18/2023
CUST0204,Male,North,54,Smartphone,Electronics,800,2,1600,6.45,Delivered,3/16/2023
CUST0134,Male,North,47,Monitor,Electronics,621.9121224973303,5,1500,7.22,Returned,8/5/2023
CUST0116,Female,East,47,Headphones,Accessories,100,2,200,15.13,Delivered,1/23/2023
CUST0100,Male,West,29,Keyboard,Accessories,50,2,100,5.18,Returned,4/14/2023
CUST0094,Male,North,30,Laptop,Electronics,1500,1,1500,14.53,In Transit,4/18/2023
CUST0194,Female,West,61,Mouse,Accessories,62.191212249733034,1,30,10.41,Returned,1/28/2023
CUST0273,Female,South,47,Laptop,Electronics,1500,2,3000,9.01,In Transit,6/7/2023
CUST0188,Male,North,29,Smartphone,Electronics,800,5,4000,6.06,Delivered,2/24/2023
CUST0092,Female,East,32,Smartphone,Electronics,800,3,2400,14.12,In Transit,9/28/2023
CUST0254,Female,West,47,Mouse,Accessories,30,2,60,7.56,Delivered,12/25/2023
CUST0253,Female,West,51,Laptop,Electronics,1500,1,1500,12.36,Returned,2/28/2023
CUST0180,Male,East,68,Monitor,Electronics,300,3,900,5,In Transit,10/18/2023
CUST0263,Female,West,40,Smartwatch,Wearables,200,1,200,8.82,Returned,4/8/2023
CUST0195,Male,West,48,Keyboard,Accessories,50,3,150,16.84,Returned,1/8/2023
CUST0272,Female,West,52,Laptop,Electronics,1500,5,7500,9.45,In Transit,5/13/2023
CUST0256,Male,East,69,Monitor,Electronics,300,4,1200,8.25,Returned,8/15/2023
CUST0279,Female,North,59,Mouse,Accessories,30,1,30,6.08,Returned,2/15/2023
CUST0250,Female,West,64,Smartwatch,Wearables,200,2,400,15.94,Delivered,11/28/2023
CUST0012,Male,East,47,Mouse,Accessories,30,3,90,16.49,In Transit,7/29/2023
CUST0128,Female,North,52,Monitor,Electronics,621.9121224973303,3,900,11.04,Delivered,10/25/2023
CUST0115,Male,South,53,Headphones,Accessories,100,5,500,5.93,In Transit,7/22/2023
CUST0158,Male,West,51,Smartphone,Electronics,800,1,800,18.58,Returned,10/3/2023
CUST0088,Female,South,66,Laptop,Electronics,1500,1,1500,13.16,In Transit,2/6/2023
CUST0055,Female,North,45,Smartwatch,Wearables,200,2,400,10.82,Returned,9/23/2023
CUST0071,Female,North,46,Mouse,Accessories,30,4,120,10.01,In Transit,4/11/2023
CUST0106,Female,East,47,Mouse,Accessories,30,5,150,10.03,Delivered,6/30/2023
CUST0280,Female,East,44,Keyboard,Accessories,50,4,200,12.3,In Transit,3/22/2023
CUST0074,Male,North,36,Smartwatch,Wearables,200,2,400,12.03,Returned,8/28/2023
CUST0300,Female,East,47,Mouse,Accessories,30,3,90,11.56,In Transit,1/17/2023
CUST0016,Male,South,61,Smartphone,Electronics,800,1,800,17.43,Delivered,1/10/2023
CUST0152,Male,South,69,Smartphone,Electronics,800,3,2400,13.57,Returned,3/25/2023
CUST0278,Female,East,52,Smartwatch,Wearables,200,3,600,10.21,In Transit,1/29/2023
CUST0229,Male,West,45,Monitor,Electronics,300,1,300,16.7,Delivered,9/16/2023
CUST0032,Female,South,63,Monitor,Electronics,300,5,1500,18,Returned,3/21/2023
CUST0238,Male,West,26,Keyboard,Accessories,50,4,200,10.23,Delivered,1/24/2023
CUST0051,Male,West,41,Smartwatch,Wearables,200,4,800,8.56,Returned,1/3/2024
CUST0144,Female,South,47,Smartphone,Electronics,800,5,4000,10.52,Delivered,12/1/2023
CUST0129,Male,South,66,Mouse,Accessories,30,2,60,9.19,In Transit,5/7/2023
CUST0148,Female,West,67,Headphones,Accessories,100,2,200,19.58,Returned,6/1/2023
CUST0291,Male,West,49,Smartwatch,Wearables,200,4,800,18.56,Delivered,3/18/2023
CUST0220,Male,North,67,Headphones,Accessories,100,5,500,13.85,Returned,3/15/2023
CUST0161,Male,West,62,Smartwatch,Wearables,200,3,600,17.9,Returned,1/3/2023
CUST0102,Male,West,25,Monitor,Electronics,300,3,900,9.94,Delivered,10/21/2023
CUST0162,Male,East,69,Headphones,Accessories,100,1,100,6.43,Returned,5/26/2023
CUST0121,Female,West,66,Smartwatch,Wearables,200,5,1000,19.19,Returned,9/19/2023
CUST0047,Female,West,41,Smartwatch,Wearables,200,3,600,10.92,Returned,6/18/2023
CUST0085,Male,unknown,47,Smartphone,Electronics,800,1,800,16.2,Returned,11/25/2023
CUST0010,Female,East,37,Headphones,Accessories,100,3,300,7.41,Delivered,3/27/2023
CUST0031,Female,East,67,Smartphone,Electronics,800,5,4000,9.6,In Transit,10/22/2023
CUST0063,Male,South,20,Keyboard,Accessories,50,1,50,17.61,Returned,8/13/2023
CUST0097,Female,East,34,Smartwatch,Wearables,200,1,200,17.66,Returned,5/21/2023
CUST0067,Female,North,19,Laptop,Electronics,1500,4,6000,14.45,Delivered,11/8/2023
CUST0221,Female,South,33,Mouse,Accessories,30,2,60,15.69,Delivered,10/21/2023
CUST0126,Female,South,66,Mouse,Accessories,30,2,60,5.53,In Transit,10/16/2023
CUST0043,Female,South,22,Mouse,Accessories,30,4,120,19.24,In Transit,10/25/2023
CUST0237,Male,South,65,Smartwatch,Wearables,200,3,600,6.94,In Transit,1/3/2024
CUST0058,Female,East,42,Monitor,Electronics,300,2,600,6.22,In Transit,8/6/2023
CUST0054,Female,North,64,Headphones,Accessories,100,1,100,10.32,Delivered,3/12/2023
CUST0187,Female,East,25,Keyboard,Accessories,50,4,200,7.33,Delivered,10/24/2023
CUST0018,Female,unknown,38,Mouse,Accessories,30,2,60,17.21,In Transit,11/28/2023
CUST0059,Male,North,18,Laptop,Electronics,1500,2,3000,7.81,Returned,6/22/2023
CUST0103,Male,North,47,Smartphone,Electronics,800,1,800,15.79,In Transit,10/30/2023
CUST0224,Female,East,57,Smartphone,Electronics,800,1,800,19.34,Delivered,11/20/2023
CUST0230,Male,South,47,Laptop,Electronics,1500,4,6000,15.12,In Transit,11/10/2023
CUST0285,Female,North,58,Headphones,Accessories,100,1,100,5.25,Delivered,1/14/2023
CUST0198,Male,South,47,Monitor,Electronics,300,3,900,6.39,Returned,12/30/2023
CUST0241,Female,East,27,Keyboard,Accessories,50,1,50,11.72,In Transit,7/10/2023
CUST0123,Male,South,52,Laptop,Electronics,1500,5,7500,16.01,In Transit,11/22/2023
CUST0200,Female,West,47,Laptop,Electronics,1500,5,7500,11.03,Returned,1/11/2023
CUST0108,Male,South,47,Keyboard,Accessories,50,2,100,6.85,Returned,10/19/2023
CUST0118,Male,West,47,Smartwatch,Wearables,200,3,600,18.62,Delivered,7/23/2023
CUST0098,Female,East,57,Headphones,Accessories,100,4,400,8.84,In Transit,2/28/2023
CUST0011,Female,West,54,Smartphone,Electronics,1658.4323266595475,2,1600,15.8,In Transit,4/6/2023
CUST0290,Female,unknown,37,Headphones,Accessories,100,3,300,5.29,Returned,9/30/2023
CUST0164,Male,South,50,Monitor,Electronics,300,3,900,11.22,In Transit,3/16/2023
CUST0193,Male,South,64,Keyboard,Accessories,50,4,200,17.18,In Transit,11/6/2023
CUST0005,Female,East,56,Mouse,Accessories,30,2,60,7.58,In Transit,2/15/2023
CUST0274,Female,West,51,Keyboard,Accessories,50,3,150,19.79,Delivered,1/3/2024
CUST0013,Female,East,55,Keyboard,Accessories,50,4,200,6.66,In Transit,8/13/2023
CUST0025,Female,South,56,Headphones,Accessories,100,3,300,5.86,In Transit,11/25/2023
CUST0160,Female,South,69,Laptop,Electronics,1500,2,3000,5.35,Returned,10/30/2023
CUST0240,Male,East,39,Keyboard,Accessories,50,4,200,13.51,Delivered,12/21/2023
CUST0136,Female,South,36,Mouse,Accessories,30,5,150,6.58,In Transit,10/17/2023
CUST0243,Female,West,58,Headphones,Accessories,100,5,500,19.98,Returned,8/13/2023
CUST0252,Male,West,55,Headphones,Accessories,100,5,500,7.98,Returned,5/16/2023
CUST0294,Female,East,49,Mouse,Accessories,30,5,150,19.83,In Transit,9/11/2023
CUST0215,Female,North,35,Monitor,Electronics,300,5,1500,19.58,Delivered,1/22/2023
CUST0295,Female,East,26,Smartphone,Electronics,800,5,4000,18.99,In Transit,12/31/2023
CUST0149,Male,South,40,Laptop,Electronics,1500,1,1500,14.19,In Transit,5/20/2023
CUST0068,Male,East,64,Smartwatch,Wearables,200,3,600,5.7,In Transit,4/7/2023
CUST0246,Female,South,64,Monitor,Electronics,300,3,900,15.77,Delivered,9/29/2023
CUST0248,Male,East,67,Monitor,Electronics,300,1,300,8.65,Returned,8/27/2023
CUST0020,Female,North,55,Monitor,Electronics,300,1,300,7.38,Delivered,10/26/2023
CUST0235,Male,East,19,Headphones,Accessories,100,5,500,19.53,In Transit,4/8/2023
CUST0206,Male,South,43,Laptop,Electronics,1500,5,7500,13.04,In Transit,5/3/2023
CUST0157,Female,East,48,Keyboard,Accessories,50,4,200,8.27,In Transit,5/22/2023
CUST0017,Female,West,36,Keyboard,Accessories,50,5,250,12.63,Delivered,12/17/2023
CUST0225,Female,North,47,Smartwatch,Wearables,200,1,200,17.3,Delivered,2/19/2023
CUST0145,Male,East,51,Laptop,Electronics,1500,1,1500,15.23,Returned,10/10/2023
CUST0249,Male,South,33,Monitor,Electronics,300,5,1500,15.98,In Transit,1/16/2023
CUST0172,Female,South,56,Monitor,Electronics,300,5,1500,12.62,Returned,7/20/2023
CUST0048,Male,North,34,Monitor,Electronics,300,2,600,11.88,Returned,9/23/2023
CUST0260,Male,East,32,Monitor,Electronics,300,2,600,12.92,Returned,7/14/2023
CUST0185,Male,North,29,Laptop,Electronics,1500,5,7500,13.95,Delivered,10/30/2023
CUST0009,Male,West,50,Headphones,Accessories,100,2,200,19.13,In Transit,10/8/2023
CUST0001,Female,East,38,Keyboard,Accessories,50,3,150,6.14,Returned,4/10/2023
CUST0086,Male,West,26,Smartwatch,Wearables,200,5,1000,14.83,Delivered,7/3/2023
CUST0021,Male,North,43,Mouse,Accessories,30,4,120,10.77,In Transit,9/24/2023
CUST0271,Female,South,46,Headphones,Accessories,100,2,200,19.54,Returned,6/20/2023
CUST0171,Male,East,21,Headphones,Accessories,100,5,500,13.7,In Transit,1/14/2023
CUST0213,Female,North,45,Monitor,Electronics,300,4,1200,14.76,Delivered,1/2/2023
CUST0030,Female,East,44,Smartphone,Electronics,800,5,4000,17.36,Returned,7/3/2023
CUST0111,Female,West,19,Monitor,Electronics,300,3,900,13.79,In Transit,5/16/2023
CUST0035,Female,West,20,Mouse,Accessories,30,4,120,5.19,Returned,7/22/2023
CUST0029,Female,West,66,Laptop,Electronics,1500,2,3000,9.26,In Transit,10/10/2023
CUST0107,Male,West,67,Laptop,Electronics,1500,4,6000,14.85,Delivered,6/11/2023
CUST0117,Male,North,22,Mouse,Accessories,30,5,150,18.22,Returned,1/25/2023
CUST0101,Female,North,53,Monitor,Electronics,300,4,1200,10.58,In Transit,3/31/2023
CUST0135,Male,West,41,Smartwatch,Wearables,200,1,200,13.72,In Transit,6/6/2023
CUST0231,Male,South,47,Keyboard,Accessories,50,2,100,13.53,In Transit,7/13/2023
CUST0087,Female,unknown,49,Mouse,Accessories,30,2,60,17.46,Delivered,2/5/2023
CUST0255,Male,West,47,Smartphone,Electronics,800,3,2400,10.5,Delivered,2/18/2023
CUST0034,Female,East,65,Keyboard,Accessories,50,3,150,10.84,In Transit,11/17/2023
CUST0232,Female,unknown,44,Laptop,Electronics,1500,5,7500,18.3,Returned,11/7/2023
CUST0061,Female,South,35,Smartphone,Electronics,800,1,800,17.3,In Transit,5/7/2023
CUST0104,Female,East,40,Keyboard,Accessories,50,4,200,15.14,Delivered,6/17/2023
CUST0191,Female,unknown,41,Laptop,Electronics,1500,4,6000,6.76,In Transit,8/1/2023
CUST0287,Female,South,60,Smartphone,Electronics,800,4,3200,9.99,Returned,6/29/2023
CUST0079,Male,South,26,Keyboard,Accessories,50,2,100,9.76,In Transit,6/13/2023
CUST0090,Male,West,61,Laptop,Electronics,1500,4,6000,9.46,Delivered,6/13/2023
CUST0120,Female,North,35,Headphones,Accessories,100,4,400,12.85,Delivered,7/23/2023
CUST0233,Male,West,24,Smartwatch,Wearables,200,3,600,19.39,In Transit,3/11/2023
CUST0234,Female,South,44,Smartwatch,Wearables,200,1,200,7.67,Returned,7/8/2023
CUST0265,Female,North,38,Keyboard,Accessories,50,4,200,7.52,In Transit,5/29/2023
CUST0214,Female,South,45,Monitor,Electronics,300,2,600,9.09,In Transit,10/2/2023
CUST0292,Male,South,21,Mouse,Accessories,30,4,120,13.68,Delivered,5/24/2023
CUST0166,Female,West,29,Mouse,Accessories,30,4,120,11.36,Returned,11/19/2023
CUST0040,Female,East,47,Keyboard,Accessories,50,5,250,10.46,Returned,8/2/2023
CUST0209,Male,North,63,Keyboard,Accessories,50,5,250,5.88,Delivered,2/12/2023
CUST0014,Male,South,20,Monitor,Electronics,300,1,300,7.32,Returned,12/18/2023
CUST0257,Female,unknown,54,Mouse,Accessories,30,2,60,19.03,In Transit,1/11/2023
CUST0217,Male,South,18,Mouse,Accessories,30,3,90,11.7,In Transit,10/20/2023
,,,,,,,,,,In Transit,
,,,,,,,,,,In Transit,
,,,,,,,,,,In Transit,
,,,,,,,,,,In Transit,
,,,,,,,,,,In Transit,
,,,,,,,,,,In Transit,
,,,,,,,,,,In Transit,
,,,,,,,,,,In Transit,
,,,,,,,,,,In Transit,
,,,,,,,,,,In Transit,
,,,,,,,,,,In Transit,
,,,,,,,,,,In Transit,
,,,,,,,,,,In Transit,
,,,,,,,,,,In Transit,
,,,,,,,,,,In Transit,
,,,,,,,,,,In Transit,
,,,,,,,,,,In Transit,
,,,,,,,,,,In Transit,
,,,,,,,,,,In Transit,
,,,,,,,,,,In Transit,
,,,,,,,,,,In Transit,
,,,,,,,,,,In Transit,
,,,,,,,,,,In Transit,
,,,,,,,,,,In Transit,
,,,,,,,,,,In Transit,
,,,,,,,,,,In Transit,
,,,,,,,,,,In Transit,
,,,,,,,,,,In Transit,
,,,,,,,,,,In Transit,
,,,,,,,,,,In Transit,
,,,,,,,,,,In Transit,
,,,,,,,,,,In Transit,
,,,,,,,,,,In Transit,
,,,,,,,,,,In Transit,
,,,,,,,,,,In Transit,
,,,,,,,,,,In Transit,
,,,,,,,,,,In Transit,
,,,,,,,,,,In Transit,
,,,,,,,,,,In Transit,
,,,,,,,,,,In Transit,
,,,,,,,,,,In Transit,
,,,,,,,,,,In Transit,
,,,,,,,,,,In Transit,
,,,,,,,,,,In Transit,
,,,,,,,,,,In Transit,
,,,,,,,,,,In Transit,
,,,,,,,,,,In Transit,
,,,,,,,,,,In Transit,
,,,,,,,,,,In Transit,
,,,,,,,,,,In Transit,
,,,,,,,,,,In Transit,
,,,,,,,,,,In Transit,
,,,,,,,,,,In Transit,
,,,,,,,,,,In Transit,
,,,,,,,,,,In Transit,
,,,,,,,,,,In Transit,
,,,,,,,,,,In Transit,
,,,,,,,,,,In Transit,
,,,,,,,,,,In Transit,
,,,,,,,,,,In Transit,
,,,,,,,,,,In Transit,
,,,,,,,,,,In Transit,
,,,,,,,,,,In Transit,
,,,,,,,,,,In Transit,
,,,,,,,,,,In Transit,
,,,,,,,,,,In Transit,
,,,,,,,,,,In Transit,
,,,,,,,,,,In Transit,
,,,,,,,,,,In Transit,
,,,,,,,,,,In Transit,
,,,,,,,,,,In Transit,
,,,,,,,,,,In Transit,
,,,,,,,,,,In Transit,
,,,,,,,,,,In Transit,
,,,,,,,,,,In Transit,
,,,,,,,,,,In Transit,
,,,,,,,,,,In Transit,
,,,,,,,,,,In Transit,
,,,,,,,,,,In Transit,
,,,,,,,,,,In Transit,
,,,,,,,,,,In Transit,
,,,,,,,,,,In Transit,
,,,,,,,,,,In Transit,
,,,,,,,,,,In Transit,
,,,,,,,,,,In Transit,
,,,,,,,,,,In Transit,
,,,,,,,,,,In Transit,
,,,,,,,,,,In Transit,
,,,,,,,,,,In Transit,
,,,,,,,,,,In Transit,
,,,,,,,,,,In Transit,
,,,,,,,,,,In Transit,
,,,,,,,,,,In Transit,
,,,,,,,,,,In Transit,
,,,,,,,,,,In Transit,
,,,,,,,,,,In Transit,
,,,,,,,,,,In Transit,
,,,,,,,,,,In Transit,
,,,,,,,,,,In Transit,
,,,,,,,,,,In Transit,
,,,,,,,,,,In Transit,
,,,,,,,,,,In Transit,
,,,,,,,,,,In Transit,
,,,,,,,,,,In Transit,
,,,,,,,,,,In Transit,
,,,,,,,,,,In Transit,
,,,,,,,,,,In Transit,
,,,,,,,,,,In Transit,
,,,,,,,,,,In Transit,
,,,,,,,,,,In Transit,
,,,,,,,,,,In Transit,
,,,,,,,,,,In Transit,
,,,,,,,,,,In Transit,
,,,,,,,,,,In Transit,
,,,,,,,,,,In Transit,
,,,,,,,,,,In Transit,
,,,,,,,,,,In Transit,
,,,,,,,,,,In Transit,
,,,,,,,,,,In Transit,
,,,,,,,,,,In Transit,
,,,,,,,,,,In Transit,
,,,,,,,,,,In Transit,
,,,,,,,,,,In Transit,
,,,,,,,,,,In Transit,
,,,,,,,,,,In Transit,
,,,,,,,,,,In Transit,
,,,,,,,,,,In Transit,
,,,,,,,,,,In Transit,
,,,,,,,,,,In Transit,
,,,,,,,,,,In Transit,
,,,,,,,,,,In Transit,
,,,,,,,,,,In Transit,
,,,,,,,,,,In Transit,
,,,,,,,,,,In Transit,
,,,,,,,,,,In Transit,
,,,,,,,,,,In Transit,
,,,,,,,,,,In Transit,
,,,,,,,,,,In Transit,
,,,,,,,,,,In Transit,
,,,,,,,,,,In Transit,
,,,,,,,,,,In Transit,
,,,,,,,,,,In Transit,
,,,,,,,,,,In Transit,
,,,,,,,,,,In Transit,
,,,,,,,,,,In Transit,
,,,,,,,,,,In Transit,
,,,,,,,,,,In Transit,
,,,,,,,,,,In Transit,
,,,,,,,,,,In Transit,
,,,,,,,,,,In Transit,
,,,,,,,,,,In Transit,
,,,,,,,,,,In Transit,
,,,,,,,,,,In Transit,
,,,,,,,,,,In Transit,
,,,,,,,,,,In Transit,
,,,,,,,,,,In Transit,
,,,,,,,,,,In Transit,
,,,,,,,,,,In Transit,
,,,,,,,,,,In Transit,
,,,,,,,,,,In Transit,
,,,,,,,,,,In Transit,
,,,,,,,,,,In Transit,
,,,,,,,,,,In Transit,
,,,,,,,,,,In Transit,
,,,,,,,,,,In Transit,
,,,,,,,,,,In Transit,
,,,,,,,,,,In Transit,
,,,,,,,,,,In Transit,
,,,,,,,,,,In Transit,
,,,,,,,,,,In Transit,
,,,,,,,,,,In Transit,
,,,,,,,,,,In Transit,
,,,,,,,,,,In Transit,
,,,,,,,,,,In Transit,
,,,,,,,,,,In Transit,
,,,,,,,,,,In Transit,
,,,,,,,,,,In Transit,
,,,,,,,,,,In Transit,
,,,,,,,,,,In Transit,
,,,,,,,,,,In Transit,
,,,,,,,,,,In Transit,
,,,,,,,,,,In Transit,
,,,,,,,,,,In Transit,
,,,,,,,,,,In Transit,
,,,,,,,,,,In Transit,
,,,,,,,,,,In Transit,
,,,,,,,,,,In Transit,
,,,,,,,,,,In Transit,
,,,,,,,,,,In Transit,
,,,,,,,,,,In Transit,
,,,,,,,,,,In Transit,
,,,,,,,,,,In Transit,
,,,,,,,,,,In Transit,
,,,,,,,,,,In Transit,
,,,,,,,,,,In Transit,
,,,,,,,,,,In Transit,
,,,,,,,,,,In Transit,
,,,,,,,,,,In Transit,
,,,,,,,,,,In Transit,
,,,,,,,,,,In Transit,
,,,,,,,,,,In Transit,
,,,,,,,,,,In Transit,
,,,,,,,,,,In Transit,
,,,,,,,,,,In Transit,
,,,,,,,,,,In Transit,
,,,,,,,,,,In Transit,
,,,,,,,,,,In Transit,
,,,,,,,,,,In Transit,
,,,,,,,,,,In Transit,
,,,,,,,,,,In Transit,
,,,,,,,,,,In Transit,
,,,,,,,,,,In Transit,
,,,,,,,,,,In Transit,
,,,,,,,,,,In Transit,
,,,,,,,,,,In Transit,
,,,,,,,,,,In Transit,
,,,,,,,,,,In Transit,
,,,,,,,,,,In Transit,
,,,,,,,,,,In Transit,
,,,,,,,,,,In Transit,
,,,,,,,,,,In Transit,
,,,,,,,,,,In Transit,
,,,,,,,,,,In Transit,
,,,,,,,,,,In Transit,
,,,,,,,,,,In Transit,
,,,,,,,,,,In Transit,
,,,,,,,,,,In Transit,
,,,,,,,,,,In Transit,
,,,,,,,,,,In Transit,
,,,,,,,,,,In Transit,
,,,,,,,,,,In Transit,
,,,,,,,,,,In Transit,
,,,,,,,,,,In Transit,
,,,,,,,,,,In Transit,
,,,,,,,,,,In Transit,
,,,,,,,,,,In Transit,
,,,,,,,,,,In Transit,
,,,,,,,,,,In Transit,
,,,,,,,,,,In Transit,
,,,,,,,,,,In Transit,
,,,,,,,,,,In Transit,
,,,,,,,,,,In Transit,
,,,,,,,,,,In Transit,
,,,,,,,,,,In Transit,
,,,,,,,,,,In Transit,
,,,,,,,,,,In Transit,
,,,,,,,,,,In Transit,
,,,,,,,,,,In Transit,
,,,,,,,,,,In Transit,
,,,,,,,,,,In Transit,
,,,,,,,,,,In Transit,
,,,,,,,,,,In Transit,
,,,,,,,,,,In Transit,
,,,,,,,,,,In Transit,
,,,,,,,,,,In Transit,
,,,,,,,,,,In Transit,
,,,,,,,,,,In Transit,
,,,,,,,,,,In Transit,
,,,,,,,,,,In Transit,
,,,,,,,,,,In Transit,
,,,,,,,,,,In Transit,
,,,,,,,,,,In Transit,
,,,,,,,,,,In Transit,
,,,,,,,,,,In Transit,
,,,,,,,,,,In Transit,
,,,,,,,,,,In Transit,
,,,,,,,,,,In Transit,
,,,,,,,,,,In Transit,
,,,,,,,,,,In Transit,
,,,,,,,,,,In Transit,
,,,,,,,,,,In Transit,
,,,,,,,,,,In Transit,
,,,,,,,,,,In Transit,
,,,,,,,,,,In Transit,
,,,,,,,,,,In Transit,
,,,,,,,,,,In Transit,
,,,,,,,,,,In Transit,
,,,,,,,,,,In Transit,
,,,,,,,,,,In Transit,
,,,,,,,,,,In Transit,
,,,,,,,,,,In Transit,
,,,,,,,,,,In Transit,
,,,,,,,,,,In Transit,
,,,,,,,,,,In Transit,
,,,,,,,,,,In Transit,
,,,,,,,,,,In Transit,
,,,,,,,,,,In Transit,
,,,,,,,,,,In Transit,
,,,,,,,,,,In Transit,
,,,,,,,,,,In Transit,
,,,,,,,,,,In Transit,
,,,,,,,,,,In Transit,
,,,,,,,,,,In Transit,
,,,,,,,,,,In Transit,
,,,,,,,,,,In Transit,
,,,,,,,,,,In Transit,
,,,,,,,,,,In Transit,
,,,,,,,,,,In Transit,
,,,,,,,,,,In Transit,
,,,,,,,,,,In Transit,
,,,,,,,,,,In Transit,
,,,,,,,,,,In Transit,
,,,,,,,,,,In Transit,
,,,,,,,,,,In Transit,
,,,,,,,,,,In Transit,
,,,,,,,,,,In Transit,
,,,,,,,,,,In Transit,
,,,,,,,,,,In Transit,
,,,,,,,,,,In Transit,
,,,,,,,,,,In Transit,
,,,,,,,,,,In Transit,
,,,,,,,,,,In Transit,
,,,,,,,,,,In Transit,
,,,,,,,,,,In Transit,
,,,,,,,,,,In Transit,
,,,,,,,,,,In Transit,
,,,,,,,,,,In Transit,
,,,,,,,,,,In Transit,
,,,,,,,,,,In Transit,
,,,,,,,,,,In Transit,
,,,,,,,,,,In Transit,
,,,,,,,,,,In Transit,
,,,,,,,,,,In Transit,
,,,,,,,,,,In Transit,
,,,,,,,,,,In Transit,
,,,,,,,,,,In Transit,
,,,,,,,,,,In Transit,
,,,,,,,,,,In Transit,
,,,,,,,,,,In Transit,
,,,,,,,,,,In Transit,
,,,,,,,,,,In Transit,
,,,,,,,,,,In Transit,
,,,,,,,,,,In Transit,
,,,,,,,,,,In Transit,
,,,,,,,,,,In Transit,
,,,,,,,,,,In Transit,
,,,,,,,,,,In Transit,
,,,,,,,,,,In Transit,
,,,,,,,,,,In Transit,
,,,,,,,,,,In Transit,
,,,,,,,,,,In Transit,
,,,,,,,,,,In Transit,
,,,,,,,,,,In Transit,
,,,,,,,,,,In Transit,
,,,,,,,,,,In Transit,
,,,,,,,,,,In Transit,
,,,,,,,,,,In Transit,
,,,,,,,,,,In Transit,
,,,,,,,,,,In Transit,
,,,,,,,,,,In Transit,
,,,,,,,,,,In Transit,
,,,,,,,,,,In Transit,
,,,,,,,,,,In Transit,
,,,,,,,,,,In Transit,
,,,,,,,,,,In Transit,
,,,,,,,,,,In Transit,
,,,,,,,,,,In Transit,
,,,,,,,,,,In Transit,
,,,,,,,,,,In Transit,
,,,,,,,,,,In Transit,
,,,,,,,,,,In Transit,
,,,,,,,,,,In Transit,
,,,,,,,,,,In Transit,
,,,,,,,,,,In Transit,
,,,,,,,,,,In Transit,
,,,,,,,,,,In Transit,
,,,,,,,,,,In Transit,
,,,,,,,,,,In Transit,
,,,,,,,,,,In Transit,
,,,,,,,,,,In Transit,
,,,,,,,,,,In Transit,
,,,,,,,,,,In Transit,
,,,,,,,,,,In Transit,
,,,,,,,,,,In Transit,
,,,,,,,,,,In Transit,
,,,,,,,,,,In Transit,
,,,,,,,,,,In Transit,
,,,,,,,,,,In Transit,
,,,,,,,,,,In Transit,
,,,,,,,,,,In Transit,
,,,,,,,,,,In Transit,
,,,,,,,,,,In Transit,
,,,,,,,,,,In Transit,
,,,,,,,,,,In Transit,
,,,,,,,,,,In Transit,
,,,,,,,,,,In Transit,
,,,,,,,,,,In Transit,
,,,,,,,,,,In Transit,
,,,,,,,,,,In Transit,
,,,,,,,,,,In Transit,
,,,,,,,,,,In Transit,
,,,,,,,,,,In Transit,
,,,,,,,,,,In Transit,
,,,,,,,,,,In Transit,
,,,,,,,,,,In Transit,
,,,,,,,,,,In Transit,
,,,,,,,,,,In Transit,
,,,,,,,,,,In Transit,
,,,,,,,,,,In Transit,
,,,,,,,,,,In Transit,
,,,,,,,,,,In Transit,
,,,,,,,,,,In Transit,
,,,,,,,,,,In Transit,
,,,,,,,,,,In Transit,
,,,,,,,,,,In Transit,
,,,,,,,,,,In Transit,
,,,,,,,,,,In Transit,
,,,,,,,,,,In Transit,
,,,,,,,,,,In Transit,
,,,,,,,,,,In Transit,
,,,,,,,,,,In Transit,
,,,,,,,,,,In Transit,
,,,,,,,,,,In Transit,
,,,,,,,,,,In Transit,
,,,,,,,,,,In Transit,
,,,,,,,,,,In Transit,
,,,,,,,,,,In Transit,
,,,,,,,,,,In Transit,
,,,,,,,,,,In Transit,
,,,,,,,,,,In Transit,
,,,,,,,,,,In Transit,
,,,,,,,,,,In Transit,
,,,,,,,,,,In Transit,
,,,,,,,,,,In Transit,
,,,,,,,,,,In Transit,
,,,,,,,,,,In Transit,
,,,,,,,,,,In Transit,
,,,,,,,,,,In Transit,
,,,,,,,,,,In Transit,
,,,,,,,,,,In Transit,
,,,,,,,,,,In Transit,
,,,,,,,,,,In Transit,
,,,,,,,,,,In Transit,
,,,,,,,,,,In Transit,
,,,,,,,,,,In Transit,
,,,,,,,,,,In Transit,
,,,,,,,,,,In Transit,
,,,,,,,,,,In Transit,
,,,,,,,,,,In Transit,
,,,,,,,,,,In Transit,
,,,,,,,,,,In Transit,
,,,,,,,,,,In Transit,
,,,,,,,,,,In Transit,
,,,,,,,,,,In Transit,
,,,,,,,,,,In Transit,
,,,,,,,,,,In Transit,
,,,,,,,,,,In Transit,
,,,,,,,,,,In Transit,
,,,,,,,,,,In Transit,
,,,,,,,,,,In Transit,
,,,,,,,,,,In Transit,
,,,,,,,,,,In Transit,
,,,,,,,,,,In Transit,
,,,,,,,,,,In Transit,
,,,,,,,,,,In Transit,
,,,,,,,,,,In Transit,
,,,,,,,,,,In Transit,
,,,,,,,,,,In Transit,
,,,,,,,,,,In Transit,
,,,,,,,,,,In Transit,
,,,,,,,,,,In Transit,
,,,,,,,,,,In Transit,
,,,,,,,,,,In Transit,
,,,,,,,,,,In Transit,
,,,,,,,,,,In Transit,
,,,,,,,,,,In Transit,
,,,,,,,,,,In Transit,
,,,,,,,,,,In Transit,
,,,,,,,,,,In Transit,
,,,,,,,,,,In Transit,
,,,,,,,,,,In Transit,
,,,,,,,,,,In Transit,
,,,,,,,,,,In Transit,
,,,,,,,,,,In Transit,
,,,,,,,,,,In Transit,
,,,,,,,,,,In Transit,
,,,,,,,,,,In Transit,
,,,,,,,,,,In Transit,
,,,,,,,,,,In Transit,
,,,,,,,,,,In Transit,
,,,,,,,,,,In Transit,
,,,,,,,,,,In Transit,
,,,,,,,,,,In Transit,
,,,,,,,,,,In Transit,
,,,,,,,,,,In Transit,
,,,,,,,,,,In Transit,
,,,,,,,,,,In Transit,
,,,,,,,,,,In Transit,
,,,,,,,,,,In Transit,
,,,,,,,,,,In Transit,
,,,,,,,,,,In Transit,
,,,,,,,,,,In Transit,
,,,,,,,,,,In Transit,
,,,,,,,,,,In Transit,
,,,,,,,,,,In Transit,
,,,,,,,,,,In Transit,
,,,,,,,,,,In Transit,
,,,,,,,,,,In Transit,
,,,,,,,,,,In Transit,
,,,,,,,,,,In Transit,
,,,,,,,,,,In Transit,
,,,,,,,,,,In Transit,
,,,,,,,,,,In Transit,
,,,,,,,,,,In Transit,
,,,,,,,,,,In Transit,
,,,,,,,,,,In Transit,
,,,,,,,,,,In Transit,
,,,,,,,,,,In Transit,
,,,,,,,,,,In Transit,
,,,,,,,,,,In Transit,
,,,,,,,,,,In Transit,
,,,,,,,,,,In Transit,
,,,,,,,,,,In Transit,
,,,,,,,,,,In Transit,
,,,,,,,,,,In Transit,
,,,,,,,,,,In Transit,
,,,,,,,,,,In Transit,
,,,,,,,,,,In Transit,
,,,,,,,,,,In Transit,
,,,,,,,,,,In Transit,
,,,,,,,,,,In Transit,
,,,,,,,,,,In Transit,
,,,,,,,,,,In Transit,
,,,,,,,,,,In Transit,
,,,,,,,,,,In Transit,
,,,,,,,,,,In Transit,
,,,,,,,,,,In Transit,
,,,,,,,,,,In Transit,
,,,,,,,,,,In Transit,
,,,,,,,,,,In Transit,
,,,,,,,,,,In Transit,
,,,,,,,,,,In Transit,
,,,,,,,,,,In Transit,
,,,,,,,,,,In Transit,
,,,,,,,,,,In Transit,
,,,,,,,,,,In Transit,
,,,,,,,,,,In Transit,
,,,,,,,,,,In Transit,
,,,,,,,,,,In Transit,
,,,,,,,,,,In Transit,
,,,,,,,,,,In Transit,
,,,,,,,,,,In Transit,
,,,,,,,,,,In Transit,
,,,,,,,,,,In Transit,
,,,,,,,,,,In Transit,
,,,,,,,,,,In Transit,
,,,,,,,,,,In Transit,
,,,,,,,,,,In Transit,
,,,,,,,,,,In Transit,
,,,,,,,,,,In Transit,
,,,,,,,,,,In Transit,
,,,,,,,,,,In Transit,
,,,,,,,,,,In Transit,
,,,,,,,,,,In Transit,
,,,,,,,,,,In Transit,
,,,,,,,,,,In Transit,
,,,,,,,,,,In Transit,
,,,,,,,,,,In Transit,
,,,,,,,,,,In Transit,
,,,,,,,,,,In Transit,
,,,,,,,,,,In Transit,
,,,,,,,,,,In Transit,
,,,,,,,,,,In Transit,
,,,,,,,,,,In Transit,
,,,,,,,,,,In Transit,
,,,,,,,,,,In Transit,
,,,,,,,,,,In Transit,
,,,,,,,,,,In Transit,
,,,,,,,,,,In Transit,
,,,,,,,,,,In Transit,
,,,,,,,,,,In Transit,
,,,,,,,,,,In Transit,
,,,,,,,,,,In Transit,
,,,,,,,,,,In Transit,
,,,,,,,,,,In Transit,
,,,,,,,,,,In Transit,
,,,,,,,,,,In Transit,
,,,,,,,,,,In Transit,
,,,,,,,,,,In Transit,
,,,,,,,,,,In Transit,
,,,,,,,,,,In Transit,
,,,,,,,,,,In Transit,
,,,,,,,,,,In Transit,
,,,,,,,,,,In Transit,
,,,,,,,,,,In Transit,
,,,,,,,,,,In Transit,
,,,,,,,,,,In Transit,
,,,,,,,,,,In Transit,
,,,,,,,,,,In Transit,
,,,,,,,,,,In Transit,
,,,,,,,,,,In Transit,
,,,,,,,,,,In Transit,
,,,,,,,,,,In Transit,
,,,,,,,,,,In Transit,
,,,,,,,,,,In Transit,
,,,,,,,,,,In Transit,
,,,,,,,,,,In Transit,
,,,,,,,,,,In Transit,
,,,,,,,,,,In Transit,
,,,,,,,,,,In Transit,
,,,,,,,,,,In Transit,
,,,,,,,,,,In Transit,
,,,,,,,,,,In Transit,
,,,,,,,,,,In Transit,
,,,,,,,,,,In Transit,
,,,,,,,,,,In Transit,
,,,,,,,,,,In Transit,
,,,,,,,,,,In Transit,
,,,,,,,,,,In Transit,
,,,,,,,,,,In Transit,
,,,,,,,,,,In Transit,
,,,,,,,,,,In Transit,
,,,,,,,,,,In Transit,
,,,,,,,,,,In Transit,
,,,,,,,,,,In Transit,
,,,,,,,,,,In Transit,
,,,,,,,,,,In Transit,
,,,,,,,,,,In Transit,
,,,,,,,,,,In Transit,
,,,,,,,,,,In Transit,
,,,,,,,,,,In Transit,
,,,,,,,,,,In Transit,
,,,,,,,,,,In Transit,
,,,,,,,,,,In Transit,
,,,,,,,,,,In Transit,
,,,,,,,,,,In Transit,
,,,,,,,,,,In Transit,
,,,,,,,,,,In Transit,
,,,,,,,,,,In Transit,
,,,,,,,,,,In Transit,
,,,,,,,,,,In Transit,
,,,,,,,,,,In Transit,
,,,,,,,,,,In Transit,
,,,,,,,,,,In Transit,
,,,,,,,,,,In Transit,
,,,,,,,,,,In Transit,
,,,,,,,,,,In Transit,
,,,,,,,,,,In Transit,
,,,,,,,,,,In Transit,
,,,,,,,,,,In Transit,
,,,,,,,,,,In Transit,
,,,,,,,,,,In Transit,
,,,,,,,,,,In Transit,
,,,,,,,,,,In Transit,
,,,,,,,,,,In Transit,
,,,,,,,,,,In Transit,
,,,,,,,,,,In Transit,
,,,,,,,,,,In Transit,
,,,,,,,,,,In Transit,
,,,,,,,,,,In Transit,
,,,,,,,,,,In Transit,
,,,,,,,,,,In Transit,
,,,,,,,,,,In Transit,
,,,,,,,,,,In Transit,
,,,,,,,,,,In Transit,
,,,,,,,,,,In Transit,
,,,,,,,,,,In Transit,
,,,,,,,,,,In Transit,
,,,,,,,,,,In Transit,
,,,,,,,,,,In Transit,
,,,,,,,,,,In Transit,
,,,,,,,,,,In Transit,
,,,,,,,,,,In Transit,
,,,,,,,,,,In Transit,
,,,,,,,,,,In Transit,
,,,,,,,,,,In Transit,
,,,,,,,,,,In Transit,
,,,,,,,,,,In Transit,
,,,,,,,,,,In Transit,
,,,,,,,,,,In Transit,
,,,,,,,,,,In Transit,
,,,,,,,,,,In Transit,
,,,,,,,,,,In Transit,
,,,,,,,,,,In Transit,
,,,,,,,,,,In Transit,
,,,,,,,,,,In Transit,
,,,,,,,,,,In Transit,
,,,,,,,,,,In Transit,
,,,,,,,,,,In Transit,
,,,,,,,,,,In Transit,
,,,,,,,,,,In Transit,
,,,,,,,,,,In Transit,
,,,,,,,,,,In Transit,
,,,,,,,,,,In Transit,
,,,,,,,,,,In Transit,
,,,,,,,,,,In Transit,
,,,,,,,,,,In Transit,
,,,,,,,,,,In Transit,
,,,,,,,,,,In Transit,
,,,,,,,,,,In Transit,
,,,,,,,,,,In Transit,
,,,,,,,,,,In Transit,
,,,,,,,,,,In Transit,
,,,,,,,,,,In Transit,
,,,,,,,,,,In Transit,
,,,,,,,,,,In Transit,
,,,,,,,,,,In Transit,
,,,,,,,,,,In Transit,
,,,,,,,,,,In Transit,
,,,,,,,,,,In Transit,
,,,,,,,,,,In Transit,
,,,,,,,,,,In Transit,
,,,,,,,,,,In Transit,
,,,,,,,,,,In Transit,
,,,,,,,,,,In Transit,
,,,,,,,,,,In Transit,
,,,,,,,,,,In Transit,
,,,,,,,,,,In Transit,
,,,,,,,,,,In Transit,
,,,,,,,,,,In Transit,
,,,,,,,,,,In Transit,
,,,,,,,,,,In Transit,
,,,,,,,,,,In Transit,
,,,,,,,,,,In Transit,
,,,,,,,,,,In Transit,
,,,,,,,,,,In Transit,
,,,,,,,,,,In Transit,
,,,,,,,,,,In Transit,
,,,,,,,,,,In Transit,
,,,,,,,,,,In Transit,
,,,,,,,,,,In Transit,
,,,,,,,,,,In Transit,
,,,,,,,,,,In Transit,
,,,,,,,,,,In Transit,
,,,,,,,,,,In Transit,
,,,,,,,,,,In Transit,
,,,,,,,,,,In Transit,
,,,,,,,,,,In Transit,
,,,,,,,,,,In Transit,
,,,,,,,,,,In Transit,
,,,,,,,,,,In Transit,
,,,,,,,,,,In Transit,
,,,,,,,,,,In Transit,
,,,,,,,,,,In Transit,
,,,,,,,,,,In Transit,
,,,,,,,,,,In Transit,
,,,,,,,,,,In Transit,
,,,,,,,,,,In Transit,
,,,,,,,,,,In Transit,
,,,,,,,,,,In Transit,
,,,,,,,,,,In Transit,
,,,,,,,,,,In Transit,
,,,,,,,,,,In Transit,
,,,,,,,,,,In Transit,
,,,,,,,,,,In Transit,
,,,,,,,,,,In Transit,
,,,,,,,,,,In Transit,
,,,,,,,,,,In Transit,
,,,,,,,,,,In Transit,
,,,,,,,,,,In Transit,
,,,,,,,,,,In Transit,
,,,,,,,,,,In Transit,
,,,,,,,,,,In Transit,
,,,,,,,,,,In Transit,
,,,,,,,,,,In Transit,
,,,,,,,,,,In Transit,
,,,,,,,,,,In Transit,
,,,,,,,,,,In Transit,
,,,,,,,,,,In Transit,
,,,,,,,,,,In Transit,
,,,,,,,,,,In Transit,
,,,,,,,,,,In Transit,
,,,,,,,,,,In Transit,
,,,,,,,,,,In Transit,
,,,,,,,,,,In Transit,
,,,,,,,,,,In Transit,
,,,,,,,,,,In Transit,
,,,,,,,,,,In Transit,
,,,,,,,,,,In Transit,
,,,,,,,,,,In Transit,
,,,,,,,,,,In Transit,
,,,,,,,,,,In Transit,
,,,,,,,,,,In Transit,
,,,,,,,,,,In Transit,
,,,,,,,,,,In Transit,
,,,,,,,,,,In Transit,
,,,,,,,,,,In Transit,
,,,,,,,,,,In Transit,
,,,,,,,,,,In Transit,
,,,,,,,,,,In Transit,
,,,,,,,,,,In Transit,
,,,,,,,,,,In Transit,
,,,,,,,,,,In Transit,
,,,,,,,,,,In Transit,
,,,,,,,,,,In Transit,
,,,,,,,,,,In Transit,
,,,,,,,,,,In Transit,
,,,,,,,,,,In Transit,
,,,,,,,,,,In Transit,
,,,,,,,,,,In Transit,
,,,,,,,,,,In Transit,
,,,,,,,,,,In Transit,
,,,,,,,,,,In Transit,
,,,,,,,,,,In Transit,
,,,,,,,,,,In Transit,
,,,,,,,,,,In Transit,
,,,,,,,,,,In Transit,
,,,,,,,,,,In Transit,
,,,,,,,,,,In Transit,
,,,,,,,,,,In Transit,
,,,,,,,,,,In Transit,
,,,,,,,,,,In Transit,
,,,,,,,,,,In Transit,
,,,,,,,,,,In Transit,
,,,,,,,,,,In Transit,
,,,,,,,,,,In Transit,
,,,,,,,,,,In Transit,
,,,,,,,,,,In Transit,
,,,,,,,,,,In Transit,
,,,,,,,,,,In Transit,
,,,,,,,,,,In Transit,
,,,,,,,,,,In Transit,
,,,,,,,,,,In Transit,
,,,,,,,,,,In Transit,
,,,,,,,,,,In Transit,
,,,,,,,,,,In Transit,
,,,,,,,,,,In Transit,
,,,,,,,,,,In Transit,
,,,,,,,,,,In Transit,
,,,,,,,,,,In Transit,
,,,,,,,,,,In Transit,
,,,,,,,,,,In Transit,
,,,,,,,,,,In Transit,
,,,,,,,,,,In Transit,
,,,,,,,,,,In Transit,
,,,,,,,,,,In Transit,
,,,,,,,,,,In Transit,
,,,,,,,,,,In Transit,
,,,,,,,,,,In Transit,
,,,,,,,,,,In Transit,
,,,,,,,,,,In Transit,
,,,,,,,,,,In Transit,
,,,,,,,,,,In Transit,
,,,,,,,,,,In Transit,
,,,,,,,,,,In Transit,
,,,,,,,,,,In Transit,
,,,,,,,,,,In Transit,
,,,,,,,,,,In Transit,
,,,,,,,,,,In Transit,
,,,,,,,,,,In Transit,
,,,,,,,,,,In Transit,
,,,,,,,,,,In Transit,
,,,,,,,,,,In Transit,
,,,,,,,,,,In Transit,
,,,,,,,,,,In Transit,
,,,,,,,,,,In Transit,
,,,,,,,,,,In Transit,
,,,,,,,,,,In Transit,
,,,,,,,,,,In Transit,
,,,,,,,,,,In Transit,
,,,,,,,,,,In Transit,
,,,,,,,,,,In Transit,
,,,,,,,,,,In Transit,
,,,,,,,,,,In Transit,
,,,,,,,,,,In Transit,
,,,,,,,,,,In Transit,
,,,,,,,,,,In Transit,
,,,,,,,,,,In Transit,
,,,,,,,,,,In Transit,
,,,,,,,,,,In Transit,
,,,,,,,,,,In Transit,
,,,,,,,,,,In Transit,
,,,,,,,,,,In Transit,
,,,,,,,,,,In Transit,
,,,,,,,,,,In Transit,
,,,,,,,,,,In Transit,
,,,,,,,,,,In Transit,
,,,,,,,,,,In Transit,
,,,,,,,,,,In Transit,
,,,,,,,,,,In Transit,
,,,,,,,,,,In Transit,
,,,,,,,,,,In Transit,
,,,,,,,,,,In Transit,
,,,,,,,,,,In Transit,
,,,,,,,,,,In Transit,
,,,,,,,,,,In Transit,
,,,,,,,,,,In Transit,
,,,,,,,,,,In Transit,
,,,,,,,,,,In Transit,
,,,,,,,,,,In Transit,
,,,,,,,,,,In Transit,
,,,,,,,,,,In Transit,
,,,,,,,,,,In Transit,
,,,,,,,,,,In Transit,
,,,,,,,,,,In Transit,
,,,,,,,,,,In Transit,
,,,,,,,,,,In Transit,
,,,,,,,,,,In Transit,
,,,,,,,,,,In Transit,
,,,,,,,,,,In Transit,
,,,,,,,,,,In Transit,
,,,,,,,,,,In Transit,
,,,,,,,,,,In Transit,
,,,,,,,,,,In Transit,
,,,,,,,,,,In Transit,
,,,,,,,,,,In Transit,
,,,,,,,,,,In Transit,
,,,,,,,,,,In Transit,
,,,,,,,,,,In Transit,
,,,,,,,,,,In Transit,
,,,,,,,,,,In Transit,
,,,,,,,,,,In Transit,
,,,,,,,,,,In Transit,
,,,,,,,,,,In Transit,
,,,,,,,,,,In Transit,
,,,,,,,,,,In Transit,
,,,,,,,,,,In Transit,
,,,,,,,,,,In Transit,
,,,,,,,,,,In Transit,
,,,,,,,,,,In Transit,
,,,,,,,,,,In Transit,
,,,,,,,,,,In Transit,
,,,,,,,,,,In Transit,
,,,,,,,,,,In Transit,
,,,,,,,,,,In Transit,
,,,,,,,,,,In Transit,
,,,,,,,,,,In Transit,
,,,,,,,,,,In Transit,
,,,,,,,,,,In Transit,
,,,,,,,,,,In Transit,
,,,,,,,,,,In Transit,
,,,,,,,,,,In Transit,
,,,,,,,,,,In Transit,
,,,,,,,,,,In Transit,
,,,,,,,,,,In Transit,
,,,,,,,,,,In Transit,
,,,,,,,,,,In Transit,
,,,,,,,,,,In Transit,
,,,,,,,,,,In Transit,
,,,,,,,,,,In Transit,
,,,,,,,,,,In Transit,
,,,,,,,,,,In Transit,
,,,,,,,,,,In Transit,
,,,,,,,,,,In Transit,
,,,,,,,,,,In Transit,
,,,,,,,,,,In Transit,
,,,,,,,,,,In Transit,
,,,,,,,,,,In Transit,
,,,,,,,,,,In Transit,
,,,,,,,,,,In Transit,
,,,,,,,,,,In Transit,
,,,,,,,,,,In Transit,
,,,,,,,,,,In Transit,
,,,,,,,,,,In Transit,
,,,,,,,,,,In Transit,
,,,,,,,,,,In Transit,
,,,,,,,,,,In Transit,
,,,,,,,,,,In Transit,
,,,,,,,,,,In Transit,
,,,,,,,,,,In Transit,
,,,,,,,,,,In Transit,
,,,,,,,,,,In Transit,
,,,,,,,,,,In Transit,
,,,,,,,,,,In Transit,
,,,,,,,,,,In Transit,
,,,,,,,,,,In Transit,
,,,,,,,,,,In Transit,
,,,,,,,,,,In Transit,
,,,,,,,,,,In Transit,
,,,,,,,,,,In Transit,
,,,,,,,,,,In Transit,
,,,,,,,,,,In Transit,
,,,,,,,,,,In Transit,
,,,,,,,,,,In Transit,
,,,,,,,,,,In Transit,
,,,,,,,,,,In Transit,
,,,,,,,,,,In Transit,
,,,,,,,,,,In Transit,
,,,,,,,,,,In Transit,
,,,,,,,,,,In Transit,
,,,,,,,,,,In Transit,
,,,,,,,,,,In Transit,
,,,,,,,,,,In Transit,
,,,,,,,,,,In Transit,
,,,,,,,,,,In Transit,
,,,,,,,,,,In Transit,
,,,,,,,,,,In Transit,
,,,,,,,,,,In Transit,
,,,,,,,,,,In Transit,
,,,,,,,,,,In Transit,
,,,,,,,,,,In Transit,
,,,,,,,,,,In Transit,
,,,,,,,,,,In Transit,
,,,,,,,,,,In Transit,
,,,,,,,,,,In Transit,
,,,,,,,,,,In Transit,
,,,,,,,,,,In Transit,
,,,,,,,,,,In Transit,
,,,,,,,,,,In Transit,
,,,,,,,,,,In Transit,
,,,,,,,,,,In Transit,
,,,,,,,,,,In Transit,
,,,,,,,,,,In Transit,
,,,,,,,,,,In Transit,
,,,,,,,,,,In Transit,
,,,,,,,,,,In Transit,
,,,,,,,,,,In Transit,
,,,,,,,,,,In Transit,
,,,,,,,,,,In Transit,
,,,,,,,,,,In Transit,
,,,,,,,,,,In Transit,
,,,,,,,,,,In Transit,
,,,,,,,,,,In Transit,
,,,,,,,,,,In Transit,
,,,,,,,,,,In Transit,
,,,,,,,,,,In Transit,
,,,,,,,,,,In Transit,
,,,,,,,,,,In Transit,
,,,,,,,,,,In Transit,
,,,,,,,,,,In Transit,
,,,,,,,,,,In Transit,
,,,,,,,,,,In Transit,
,,,,,,,,,,In Transit,
,,,,,,,,,,In Transit,
,,,,,,,,,,In Transit,
,,,,,,,,,,In Transit,
,,,,,,,,,,In Transit,
,,,,,,,,,,In Transit,
,,,,,,,,,,In Transit,
,,,,,,,,,,In Transit,
,,,,,,,,,,In Transit,
,,,,,,,,,,In Transit,
,,,,,,,,,,In Transit,
,,,,,,,,,,In Transit,
,,,,,,,,,,In Transit,
,,,,,,,,,,In Transit,
,,,,,,,,,,In Transit,
,,,,,,,,,,In Transit,
,,,,,,,,,,In Transit,
,,,,,,,,,,In Transit,
,,,,,,,,,,In Transit,
,,,,,,,,,,In Transit,
,,,,,,,,,,In Transit,
,,,,,,,,,,In Transit,
,,,,,,,,,,In Transit,
,,,,,,,,,,In Transit,
,,,,,,,,,,In Transit,
,,,,,,,,,,In Transit,
,,,,,,,,,,In Transit,
,,,,,,,,,,In Transit,
,,,,,,,,,,In Transit,
,,,,,,,,,,In Transit,
,,,,,,,,,,In Transit,
,,,,,,,,,,In Transit,
,,,,,,,,,,In Transit,
,,,,,,,,,,In Transit,
,,,,,,,,,,In Transit,
,,,,,,,,,,In Transit,
,,,,,,,,,,In Transit,
,,,,,,,,,,In Transit,
,,,,,,,,,,In Transit,
,,,,,,,,,,In Transit,
,,,,,,,,,,In Transit,
,,,,,,,,,,In Transit,
,,,,,,,,,,In Transit,
,,,,,,,,,,In Transit,
,,,,,,,,,,In Transit,
,,,,,,,,,,In Transit,
,,,,,,,,,,In Transit,
,,,,,,,,,,In Transit,
,,,,,,,,,,In Transit,
,,,,,,,,,,In Transit,
,,,,,,,,,,In Transit,
,,,,,,,,,,In Transit,
,,,,,,,,,,In Transit,
,,,,,,,,,,In Transit,
,,,,,,,,,,In Transit,
,,,,,,,,,,In Transit,
,,,,,,,,,,In Transit,
,,,,,,,,,,In Transit,
,,,,,,,,,,In Transit,
,,,,,,,,,,In Transit,
,,,,,,,,,,In Transit,
,,,,,,,,,,In Transit,
,,,,,,,,,,In Transit,
,,,,,,,,,,In Transit,
,,,,,,,,,,In Transit,
,,,,,,,,,,In Transit,
,,,,,,,,,,In Transit,
,,,,,,,,,,In Transit,
,,,,,,,,,,In Transit,
,,,,,,,,,,In Transit,
,,,,,,,,,,In Transit,
,,,,,,,,,,In Transit,
,,,,,,,,,,In Transit,
,,,,,,,,,,In Transit,
,,,,,,,,,,In Transit,
,,,,,,,,,,In Transit,
,,,,,,,,,,In Transit,
,,,,,,,,,,In Transit,
,,,,,,,,,,In Transit,
,,,,,,,,,,In Transit,
,,,,,,,,,,In Transit,
,,,,,,,,,,In Transit,
,,,,,,,,,,In Transit,
,,,,,,,,,,In Transit,
,,,,,,,,,,In Transit,
,,,,,,,,,,In Transit,
,,,,,,,,,,In Transit,
,,,,,,,,,,In Transit,
,,,,,,,,,,In Transit,
,,,,,,,,,,In Transit,
,,,,,,,,,,In Transit,
,,,,,,,,,,In Transit,
,,,,,,,,,,In Transit,
,,,,,,,,,,In Transit,
,,,,,,,,,,In Transit,
,,,,,,,,,,In Transit,
,,,,,,,,,,In Transit,
,,,,,,,,,,In Transit,
,,,,,,,,,,In Transit,
,,,,,,,,,,In Transit,
,,,,,,,,,,In Transit,
,,,,,,,,,,In Transit,
,,,,,,,,,,In Transit,
,,,,,,,,,,In Transit,
,,,,,,,,,,In Transit,
,,,,,,,,,,In Transit,
,,,,,,,,,,In Transit,
,,,,,,,,,,In Transit,
,,,,,,,,,,In Transit,
,,,,,,,,,,In Transit,
,,,,,,,,,,In Transit,
,,,,,,,,,,In Transit,
,,,,,,,,,,In Transit,
,,,,,,,,,,In Transit,
,,,,,,,,,,In Transit,
,,,,,,,,,,In Transit,
,,,,,,,,,,In Transit,
,,,,,,,,,,In Transit,
,,,,,,,,,,In Transit,
,,,,,,,,,,In Transit,
,,,,,,,,,,In Transit,
,,,,,,,,,,In Transit,
,,,,,,,,,,In Transit,
,,,,,,,,,,In Transit,
,,,,,,,,,,In Transit,
,,,,,,,,,,In Transit,
,,,,,,,,,,In Transit,
,,,,,,,,,,In Transit,
,,,,,,,,,,In Transit,
,,,,,,,,,,In Transit,
,,,,,,,,,,In Transit,
,,,,,,,,,,In Transit,
,,,,,,,,,,In Transit,
,,,,,,,,,,In Transit,
,,,,,,,,,,In Transit,
,,,,,,,,,,In Transit,
,,,,,,,,,,In Transit,
,,,,,,,,,,In Transit,
,,,,,,,,,,In Transit,
,,,,,,,,,,In Transit,
,,,,,,,,,,In Transit,
,,,,,,,,,,In Transit,
,,,,,,,,,,In Transit,
,,,,,,,,,,In Transit,
,,,,,,,,,,In Transit,
,,,,,,,,,,In Transit,
,,,,,,,,,,In Transit,
,,,,,,,,,,In Transit,
,,,,,,,,,,In Transit,
,,,,,,,,,,In Transit,
,,,,,,,,,,In Transit,
,,,,,,,,,,In Transit,
,,,,,,,,,,In Transit,
,,,,,,,,,,In Transit,
,,,,,,,,,,In Transit,
,,,,,,,,,,In Transit,
,,,,,,,,,,In Transit,
,,,,,,,,,,In Transit,
,,,,,,,,,,In Transit,
,,,,,,,,,,In Transit,
,,,,,,,,,,In Transit,
,,,,,,,,,,In Transit,
,,,,,,,,,,In Transit,
,,,,,,,,,,In Transit,
,,,,,,,,,,In Transit,
,,,,,,,,,,In Transit,
,,,,,,,,,,In Transit,
,,,,,,,,,,In Transit,
,,,,,,,,,,In Transit,
,,,,,,,,,,In Transit,
,,,,,,,,,,In Transit,
,,,,,,,,,,In Transit,
,,,,,,,,,,In Transit,
,,,,,,,,,,In Transit,
,,,,,,,,,,In Transit,
,,,,,,,,,,In Transit,
,,,,,,,,,,In Transit,
,,,,,,,,,,In Transit,
,,,,,,,,,,In Transit,
,,,,,,,,,,In Transit,
,,,,,,,,,,In Transit,
,,,,,,,,,,In Transit,
,,,,,,,,,,In Transit,
,,,,,,,,,,In Transit,
,,,,,,,,,,In Transit,
,,,,,,,,,,In Transit,
,,,,,,,,,,In Transit,
,,,,,,,,,,In Transit,
,,,,,,,,,,In Transit,
,,,,,,,,,,In Transit,
,,,,,,,,,,In Transit,
,,,,,,,,,,In Transit,
,,,,,,,,,,In Transit,
,,,,,,,,,,In Transit,
,,,,,,,,,,In Transit,
,,,,,,,,,,In Transit,
,,,,,,,,,,In Transit,
,,,,,,,,,,In Transit,
,,,,,,,,,,In Transit,
,,,,,,,,,,In Transit,
,,,,,,,,,,In Transit,
,,,,,,,,,,In Transit,
,,,,,,,,,,In Transit,
,,,,,,,,,,In Transit,
,,,,,,,,,,In Transit,
,,,,,,,,,,In Transit,
,,,,,,,,,,In Transit,
,,,,,,,,,,In Transit,
,,,,,,,,,,In Transit,
,,,,,,,,,,In Transit,
,,,,,,,,,,In Transit,
,,,,,,,,,,In Transit,
,,,,,,,,,,In Transit,
,,,,,,,,,,In Transit,
,,,,,,,,,,In Transit,
,,,,,,,,,,In Transit,
,,,,,,,,,,In Transit,
,,,,,,,,,,In Transit,
,,,,,,,,,,In Transit,
,,,,,,,,,,In Transit,
,,,,,,,,,,In Transit,
,,,,,,,,,,In Transit,
,,,,,,,,,,In Transit,
,,,,,,,,,,In Transit,
,,,,,,,,,,In Transit,
,,,,,,,,,,In Transit,
,,,,,,,,,,In Transit,
,,,,,,,,,,In Transit,
,,,,,,,,,,In Transit,
,,,,,,,,,,In Transit,
,,,,,,,,,,In Transit,
,,,,,,,,,,In Transit,
,,,,,,,,,,In Transit,
,,,,,,,,,,In Transit,
,,,,,,,,,,In Transit,
,,,,,,,,,,In Transit,
,,,,,,,,,,In Transit,
,,,,,,,,,,In Transit,
,,,,,,,,,,In Transit,
,,,,,,,,,,In Transit,
,,,,,,,,,,In Transit,
,,,,,,,,,,In Transit,
,,,,,,,,,,In Transit,
,,,,,,,,,,In Transit,
,,,,,,,,,,In Transit,
,,,,,,,,,,In Transit,
,,,,,,,,,,In Transit,
,,,,,,,,,,In Transit,
,,,,,,,,,,In Transit,
,,,,,,,,,,In Transit,
,,,,,,,,,,In Transit,
,,,,,,,,,,In Transit,
,,,,,,,,,,In Transit,
,,,,,,,,,,In Transit,
,,,,,,,,,,In Transit,
,,,,,,,,,,In Transit,
,,,,,,,,,,In Transit,
,,,,,,,,,,In Transit,
,,,,,,,,,,In Transit,
,,,,,,,,,,In Transit,
,,,,,,,,,,In Transit,
,,,,,,,,,,In Transit,
,,,,,,,,,,In Transit,
,,,,,,,,,,In Transit,
,,,,,,,,,,In Transit,
,,,,,,,,,,In Transit,
,,,,,,,,,,In Transit,
,,,,,,,,,,In Transit,
,,,,,,,,,,In Transit,
,,,,,,,,,,In Transit,
,,,,,,,,,,In Transit,
,,,,,,,,,,In Transit,
,,,,,,,,,,In Transit,
,,,,,,,,,,In Transit,
,,,,,,,,,,In Transit,
,,,,,,,,,,In Transit,
,,,,,,,,,,In Transit,
,,,,,,,,,,In Transit,
,,,,,,,,,,In Transit,
,,,,,,,,,,In Transit,
,,,,,,,,,,In Transit,
,,,,,,,,,,In Transit,
,,,,,,,,,,In Transit,
,,,,,,,,,,In Transit,
,,,,,,,,,,In Transit,
,,,,,,,,,,In Transit,
,,,,,,,,,,In Transit,
,,,,,,,,,,In Transit,
,,,,,,,,,,In Transit,
,,,,,,,,,,In Transit,
,,,,,,,,,,In Transit,
,,,,,,,,,,In Transit,
,,,,,,,,,,In Transit,
,,,,,,,,,,In Transit,
,,,,,,,,,,In Transit,
,,,,,,,,,,In Transit,
,,,,,,,,,,In Transit,
,,,,,,,,,,In Transit,
,,,,,,,,,,In Transit,
,,,,,,,,,,In Transit,
,,,,,,,,,,In Transit,
,,,,,,,,,,In Transit,
,,,,,,,,,,In Transit,
,,,,,,,,,,In Transit,
,,,,,,,,,,In Transit,
,,,,,,,,,,In Transit,
,,,,,,,,,,In Transit,
,,,,,,,,,,In Transit,
,,,,,,,,,,In Transit,
,,,,,,,,,,In Transit,
,,,,,,,,,,In Transit,
,,,,,,,,,,In Transit,
,,,,,,,,,,In Transit,
,,,,,,,,,,In Transit,
,,,,,,,,,,In Transit,
,,,,,,,,,,In Transit,
,,,,,,,,,,In Transit,
,,,,,,,,,,In Transit,
,,,,,,,,,,In Transit,
,,,,,,,,,,In Transit,
,,,,,,,,,,In Transit,
,,,,,,,,,,In Transit,
,,,,,,,,,,In Transit,
,,,,,,,,,,In Transit,
,,,,,,,,,,In Transit,
,,,,,,,,,,In Transit,
,,,,,,,,,,In Transit,
,,,,,,,,,,In Transit,
,,,,,,,,,,In Transit,
,,,,,,,,,,In Transit,
,,,,,,,,,,In Transit,
,,,,,,,,,,In Transit,
,,,,,,,,,,In Transit,
,,,,,,,,,,In Transit,
,,,,,,,,,,In Transit,
,,,,,,,,,,In Transit,
,,,,,,,,,,In Transit,
,,,,,,,,,,In Transit,
,,,,,,,,,,In Transit,
,,,,,,,,,,In Transit,
,,,,,,,,,,In Transit,
,,,,,,,,,,In Transit,
,,,,,,,,,,In Transit,
,,,,,,,,,,In Transit,
,,,,,,,,,,In Transit,
,,,,,,,,,,In Transit,
,,,,,,,,,,In Transit,
,,,,,,,,,,In Transit,
,,,,,,,,,,In Transit,
,,,,,,,,,,In Transit,
,,,,,,,,,,In Transit,
,,,,,,,,,,In Transit,
,,,,,,,,,,In Transit,
,,,,,,,,,,In Transit,
,,,,,,,,,,In Transit,
,,,,,,,,,,In Transit,
,,,,,,,,,,In Transit,
,,,,,,,,,,In Transit,
,,,,,,,,,,In Transit,
,,,,,,,,,,In Transit,
,,,,,,,,,,In Transit,
,,,,,,,,,,In Transit,
,,,,,,,,,,In Transit,
,,,,,,,,,,In Transit,
,,,,,,,,,,In Transit,
,,,,,,,,,,In Transit,
,,,,,,,,,,In Transit,
,,,,,,,,,,In Transit,
,,,,,,,,,,In Transit,
,,,,,,,,,,In Transit,
,,,,,,,,,,In Transit,
,,,,,,,,,,In Transit,
,,,,,,,,,,In Transit,
,,,,,,,,,,In Transit,
,,,,,,,,,,In Transit,
,,,,,,,,,,In Transit,
,,,,,,,,,,In Transit,
,,,,,,,,,,In Transit,
,,,,,,,,,,In Transit,
,,,,,,,,,,In Transit,
,,,,,,,,,,In Transit,
,,,,,,,,,,In Transit,
,,,,,,,,,,In Transit,
,,,,,,,,,,In Transit,
,,,,,,,,,,In Transit,
,,,,,,,,,,In Transit,
,,,,,,,,,,In Transit,
,,,,,,,,,,In Transit,
,,,,,,,,,,In Transit,
,,,,,,,,,,In Transit,
,,,,,,,,,,In Transit,
,,,,,,,,,,In Transit,
,,,,,,,,,,In Transit,
,,,,,,,,,,In Transit,
,,,,,,,,,,In Transit,
,,,,,,,,,,In Transit,
,,,,,,,,,,In Transit,
,,,,,,,,,,In Transit,
,,,,,,,,,,In Transit,
,,,,,,,,,,In Transit,
,,,,,,,,,,In Transit,
,,,,,,,,,,In Transit,
,,,,,,,,,,In Transit,
,,,,,,,,,,In Transit,
,,,,,,,,,,In Transit,
,,,,,,,,,,In Transit,
,,,,,,,,,,In Transit,
,,,,,,,,,,In Transit,
,,,,,,,,,,In Transit,
,,,,,,,,,,In Transit,
,,,,,,,,,,In Transit,
,,,,,,,,,,In Transit,
,,,,,,,,,,In Transit,
,,,,,,,,,,In Transit,
,,,,,,,,,,In Transit,
,,,,,,,,,,In Transit,
,,,,,,,,,,In Transit,
,,,,,,,,,,In Transit,
,,,,,,,,,,In Transit,
,,,,,,,,,,In Transit,
,,,,,,,,,,In Transit,
,,,,,,,,,,In Transit,
,,,,,,,,,,In Transit,
,,,,,,,,,,In Transit,
,,,,,,,,,,In Transit,
,,,,,,,,,,In Transit,
,,,,,,,,,,In Transit,
,,,,,,,,,,In Transit,
,,,,,,,,,,In Transit,
,,,,,,,,,,In Transit,
,,,,,,,,,,In Transit,
,,,,,,,,,,In Transit,
,,,,,,,,,,In Transit,
,,,,,,,,,,In Transit,
,,,,,,,,,,In Transit,
,,,,,,,,,,In Transit,
,,,,,,,,,,In Transit,
,,,,,,,,,,In Transit,
,,,,,,,,,,In Transit,
,,,,,,,,,,In Transit,
,,,,,,,,,,In Transit,
,,,,,,,,,,In Transit,
,,,,,,,,,,In Transit,
,,,,,,,,,,In Transit,
,,,,,,,,,,In Transit,
,,,,,,,,,,In Transit,
,,,,,,,,,,In Transit,
,,,,,,,,,,In Transit,
,,,,,,,,,,In Transit,
,,,,,,,,,,In Transit,
,,,,,,,,,,In Transit,
,,,,,,,,,,In Transit,
,,,,,,,,,,In Transit,
,,,,,,,,,,In Transit,
,,,,,,,,,,In Transit,
,,,,,,,,,,In Transit,
,,,,,,,,,,In Transit,
,,,,,,,,,,In Transit,
,,,,,,,,,,In Transit,
,,,,,,,,,,In Transit,
,,,,,,,,,,In Transit,
,,,,,,,,,,In Transit,
,,,,,,,,,,In Transit,
,,,,,,,,,,In Transit,
,,,,,,,,,,In Transit,
,,,,,,,,,,In Transit,
,,,,,,,,,,In Transit,
,,,,,,,,,,In Transit,
,,,,,,,,,,In Transit,
,,,,,,,,,,In Transit,
,,,,,,,,,,In Transit,
,,,,,,,,,,In Transit,
,,,,,,,,,,In Transit,
,,,,,,,,,,In Transit,
,,,,,,,,,,In Transit,
,,,,,,,,,,In Transit,
,,,,,,,,,,In Transit,
,,,,,,,,,,In Transit,
,,,,,,,,,,In Transit,
,,,,,,,,,,In Transit,
,,,,,,,,,,In Transit,
,,,,,,,,,,In Transit,
,,,,,,,,,,In Transit,
,,,,,,,,,,In Transit,
,,,,,,,,,,In Transit,
,,,,,,,,,,In Transit,
,,,,,,,,,,In Transit,
,,,,,,,,,,In Transit,
,,,,,,,,,,In Transit,
,,,,,,,,,,In Transit,
,,,,,,,,,,In Transit,
,,,,,,,,,,In Transit,
,,,,,,,,,,In Transit,
,,,,,,,,,,In Transit,
,,,,,,,,,,In Transit,
,,,,,,,,,,In Transit,
,,,,,,,,,,In Transit,
,,,,,,,,,,In Transit,
,,,,,,,,,,In Transit,
,,,,,,,,,,In Transit,
,,,,,,,,,,In Transit,
,,,,,,,,,,In Transit,
,,,,,,,,,,In Transit,
,,,,,,,,,,In Transit,
,,,,,,,,,,In Transit,
,,,,,,,,,,In Transit,
,,,,,,,,,,In Transit,
,,,,,,,,,,In Transit,
,,,,,,,,,,In Transit,
,,,,,,,,,,In Transit,
,,,,,,,,,,In Transit,
,,,,,,,,,,In Transit,
,,,,,,,,,,In Transit,
,,,,,,,,,,In Transit,
,,,,,,,,,,In Transit,
,,,,,,,,,,In Transit,
,,,,,,,,,,In Transit,
,,,,,,,,,,In Transit,
,,,,,,,,,,In Transit,
,,,,,,,,,,In Transit,
,,,,,,,,,,In Transit,
,,,,,,,,,,In Transit,
,,,,,,,,,,In Transit,
,,,,,,,,,,In Transit,
,,,,,,,,,,In Transit,
,,,,,,,,,,In Transit,
,,,,,,,,,,In Transit,
,,,,,,,,,,In Transit,
,,,,,,,,,,In Transit,
,,,,,,,,,,In Transit,
,,,,,,,,,,In Transit,
,,,,,,,,,,In Transit,
,,,,,,,,,,In Transit,
,,,,,,,,,,In Transit,
,,,,,,,,,,In Transit,
,,,,,,,,,,In Transit,
,,,,,,,,,,In Transit,
,,,,,,,,,,In Transit,
,,,,,,,,,,In Transit,
,,,,,,,,,,In Transit,
,,,,,,,,,,In Transit,
,,,,,,,,,,In Transit,
,,,,,,,,,,In Transit,
,,,,,,,,,,In Transit,
,,,,,,,,,,In Transit,
,,,,,,,,,,In Transit,
,,,,,,,,,,In Transit,
,,,,,,,,,,In Transit,
,,,,,,,,,,In Transit,
,,,,,,,,,,In Transit,
,,,,,,,,,,In Transit,
,,,,,,,,,,In Transit,
,,,,,,,,,,In Transit,
,,,,,,,,,,In Transit,
,,,,,,,,,,In Transit,
,,,,,,,,,,In Transit,
,,,,,,,,,,In Transit,
,,,,,,,,,,In Transit,
,,,,,,,,,,In Transit,
,,,,,,,,,,In Transit,
,,,,,,,,,,In Transit,
,,,,,,,,,,In Transit,
,,,,,,,,,,In Transit,
,,,,,,,,,,In Transit,
,,,,,,,,,,In Transit,
,,,,,,,,,,In Transit,
,,,,,,,,,,In Transit,
,,,,,,,,,,In Transit,
,,,,,,,,,,In Transit,
,,,,,,,,,,In Transit,
,,,,,,,,,,In Transit,
,,,,,,,,,,In Transit,
,,,,,,,,,,In Transit,
,,,,,,,,,,In Transit,
,,,,,,,,,,In Transit,
,,,,,,,,,,In Transit,
,,,,,,,,,,In Transit,
,,,,,,,,,,In Transit,
,,,,,,,,,,In Transit,
,,,,,,,,,,In Transit,
,,,,,,,,,,In Transit,
,,,,,,,,,,In Transit,
,,,,,,,,,,In Transit,
,,,,,,,,,,In Transit,
,,,,,,,,,,In Transit,
,,,,,,,,,,In Transit,
,,,,,,,,,,In Transit,
,,,,,,,,,,In Transit,
,,,,,,,,,,In Transit,
,,,,,,,,,,In Transit,
,,,,,,,,,,In Transit,
,,,,,,,,,,In Transit,
,,,,,,,,,,In Transit,
,,,,,,,,,,In Transit,
,,,,,,,,,,In Transit,
,,,,,,,,,,In Transit,
,,,,,,,,,,In Transit,
,,,,,,,,,,In Transit,
,,,,,,,,,,In Transit,
,,,,,,,,,,In Transit,
,,,,,,,,,,In Transit,
,,,,,,,,,,In Transit,
,,,,,,,,,,In Transit,
,,,,,,,,,,In Transit,
,,,,,,,,,,In Transit,
,,,,,,,,,,In Transit,
,,,,,,,,,,In Transit,
,,,,,,,,,,In Transit,
,,,,,,,,,,In Transit,
,,,,,,,,,,In Transit,
,,,,,,,,,,In Transit,
,,,,,,,,,,In Transit,
,,,,,,,,,,In Transit,
,,,,,,,,,,In Transit,
,,,,,,,,,,In Transit,
,,,,,,,,,,In Transit,
,,,,,,,,,,In Transit,
,,,,,,,,,,In Transit,
,,,,,,,,,,In Transit,
,,,,,,,,,,In Transit,
,,,,,,,,,,In Transit,
,,,,,,,,,,In Transit,
,,,,,,,,,,In Transit,
,,,,,,,,,,In Transit,
,,,,,,,,,,In Transit,
,,,,,,,,,,In Transit,
,,,,,,,,,,In Transit,
,,,,,,,,,,In Transit,
,,,,,,,,,,In Transit,
,,,,,,,,,,In Transit,
,,,,,,,,,,In Transit,
,,,,,,,,,,In Transit,
,,,,,,,,,,In Transit,
,,,,,,,,,,In Transit,
,,,,,,,,,,In Transit,
,,,,,,,,,,In Transit,
,,,,,,,,,,In Transit,
,,,,,,,,,,In Transit,
,,,,,,,,,,In Transit,
,,,,,,,,,,In Transit,
,,,,,,,,,,In Transit,
,,,,,,,,,,In Transit,
,,,,,,,,,,In Transit,
,,,,,,,,,,In Transit,
,,,,,,,,,,In Transit,
,,,,,,,,,,In Transit,
,,,,,,,,,,In Transit,
,,,,,,,,,,In Transit,
,,,,,,,,,,In Transit,
,,,,,,,,,,In Transit,
,,,,,,,,,,In Transit,
,,,,,,,,,,In Transit,
,,,,,,,,,,In Transit,
,,,,,,,,,,In Transit,
,,,,,,,,,,In Transit,
,,,,,,,,,,In Transit,
,,,,,,,,,,In Transit,
,,,,,,,,,,In Transit,
,,,,,,,,,,In Transit,
,,,,,,,,,,In Transit,
,,,,,,,,,,In Transit,
,,,,,,,,,,In Transit,
,,,,,,,,,,In Transit,
,,,,,,,,,,In Transit,
,,,,,,,,,,In Transit,
,,,,,,,,,,In Transit,
,,,,,,,,,,In Transit,
,,,,,,,,,,In Transit,
,,,,,,,,,,In Transit,
,,,,,,,,,,In Transit,
,,,,,,,,,,In Transit,
,,,,,,,,,,In Transit,
,,,,,,,,,,In Transit,
,,,,,,,,,,In Transit,
,,,,,,,,,,In Transit,
,,,,,,,,,,In Transit,
,,,,,,,,,,In Transit,
,,,,,,,,,,In Transit,
,,,,,,,,,,In Transit,
,,,,,,,,,,In Transit,
,,,,,,,,,,In Transit,
,,,,,,,,,,In Transit,
,,,,,,,,,,In Transit,
,,,,,,,,,,In Transit,
,,,,,,,,,,In Transit,
,,,,,,,,,,In Transit,
,,,,,,,,,,In Transit,
,,,,,,,,,,In Transit,
,,,,,,,,,,In Transit,
,,,,,,,,,,In Transit,
,,,,,,,,,,In Transit,
,,,,,,,,,,In Transit,
,,,,,,,,,,In Transit,
,,,,,,,,,,In Transit,
,,,,,,,,,,In Transit,
,,,,,,,,,,In Transit,
,,,,,,,,,,In Transit,
,,,,,,,,,,In Transit,
